,ETF01,ETF02,ETF03,ETF04,ETF05,ETF06
ETF01,1.0,0.6742342648948687,0.6004380496268639,0.6515991761586418,0.2109909860532061,0.03775002518291132
ETF02,0.6742342648948687,1.0,0.5450353361534569,0.6102097127976636,-0.013903254692003356,0.022911656109501265
ETF03,0.6004380496268639,0.5450353361534569,1.0,0.6711884842274068,-0.03864311311587096,0.09663927164274548
ETF04,0.6515991761586418,0.6102097127976636,0.6711884842274068,1.0,-0.07856024423129235,0.043347322625756725
ETF05,0.2109909860532061,-0.013903254692003356,-0.03864311311587096,-0.07856024423129235,1.0,0.4139561336064937
ETF06,0.03775002518291132,0.022911656109501265,0.09663927164274548,0.043347322625756725,0.4139561336064937,1.0
